Species,Family
Talaromyces_adpressus,Trichocomaceae
Magnaporthiopsis_rhizophila,Magnaporthaceae
Magnaporthiopsis_poae,Magnaporthaceae
Magnaporthiopsis_incrustans,Magnaporthaceae
Gaeumannomyces_tritici,Magnaporthaceae
Falciphora_oryzae,Magnaporthaceae
Nakataea_oryzae,Magnaporthaceae
Magnaporthe_oryzae,Magnaporthaceae
Magnaporthe_grisea,Magnaporthaceae
Pyricularia_pennisetigena,Pyriculariaceae
Ophioceras_dolichostomum,Ophioceraceae
Pseudohalonectria_lignicola,Pseudohalonectriaceae
Ophiostoma_novo-ulmi,Ophiostomataceae
Ophiostoma_piceae,Ophiostomataceae
Ophiostoma_ips,Ophiostomataceae
Sporothrix_brasiliensis,Ophiostomataceae
Sporothrix_schenckii,Ophiostomataceae
Sporothrix_globosa,Ophiostomataceae
Sporothrix_pallida,Ophiostomataceae
Sporothrix_insectorum,Ophiostomataceae
Fragosphaeria_purpurea,Ophiostomataceae
Ceratocystiopsis_minuta,Ophiostomataceae
Ceratocystiopsis_brevicomis,Ophiostomataceae
Hawksworthiomyces_lignivorus,Ophiostomataceae
Grosmannia_penicillata,Ophiostomataceae
Raffaelea_sulphurea,Ophiostomataceae
Raffaelea_quercus-mongolicae,Ophiostomataceae
Raffaelea_quercivora,Ophiostomataceae
Esteya_vermicola,Ophiostomataceae
Grosmannia_clavigera,Ophiostomataceae
Leptographium_lundbergii,Ophiostomataceae
Leptographium_procerum,Ophiostomataceae
Raffaelea_lauricola,Ophiostomataceae
Raffaelea_arxii,Ophiostomataceae
Raffaelea_albimanens,Ophiostomataceae
Raffaelea_ambrosiae,Ophiostomataceae
Graphilbum_fragrans,Ophiostomataceae
Diaporthe_helianthi,Diaporthaceae
Diaporthe_ampelina,Diaporthaceae
Diaporthe_longicolla,Diaporthaceae
Diaporthe_aspalathi,Diaporthaceae
Stenocarpella_maydis,Diaporthaceae
Valsa_mali,Valsaceae
Chrysoporthe_austroafricana,Cryphonectriaceae
Chrysoporthe_deuterocubensis,Cryphonectriaceae
Chrysoporthe_cubensis,Cryphonectriaceae
Cryphonectria_radicalis,Cryphonectriaceae
Coniella_lustricola,Schizoparmaceae
Juglanconis_oblonga,Juglanconidaceae
Juglanconis_juglandina,Juglanconidaceae
Ophiognomonia_clavigignenti-juglandacearum,Gnomoniaceae
Phaeoacremonium_minimum,Togniniaceae
Sordaria_macrospora,Sordariaceae
Neurospora_crassa,Sordariaceae
Neurospora_tetrasperma,Sordariaceae
Neurospora_africana,Sordariaceae
Neurospora_sublineolata,Sordariaceae
Neurospora_pannonica,Sordariaceae
Neurospora_terricola,Sordariaceae
Thielavia_terrestris,Chaetomiaceae
Thermothelomyces_thermophila,Chaetomiaceae
Chaetomium_cochliodes,Chaetomiaceae
Chaetomium_globosum,Chaetomiaceae
Madurella_mycetomatis,Chaetomiaceae
Chaetomium_thermophilum,Chaetomiaceae
Podospora_anserina,Podosporaceae
Coniochaeta_hoffmannii,Coniochaetaceae
Coniochaeta_ligniaria,Coniochaetaceae
Calonectria_pseudoreteaudii,Nectriaceae
Calonectria_leucothoes,Nectriaceae
Calonectria_pseudonaviculata,Nectriaceae
Calonectria_naviculata,Nectriaceae
Aquanectria_penicillioides,Nectriaceae
Ilyonectria_destructans,Nectriaceae
Ilyonectria_mors-panacis,Nectriaceae
Dactylonectria_macrodidyma,Nectriaceae
Neonectria_ditissima,Nectriaceae
Neonectria_hederae,Nectriaceae
Neonectria_punicea,Nectriaceae
Corinectria_fuckeliana,Nectriaceae
Fusarium_pseudograminearum,Nectriaceae
Fusarium_meridionale,Nectriaceae
Fusarium_asiaticum,Nectriaceae
Fusarium_graminearum,Nectriaceae
Fusarium_culmorum,Nectriaceae
Fusarium_praegraminearum,Nectriaceae
Fusarium_langsethiae,Nectriaceae
Fusarium_sporotrichioides,Nectriaceae
Fusarium_sambucinum,Nectriaceae
Fusarium_venenatum,Nectriaceae
Fusarium_poae,Nectriaceae
Fusarium_longipes,Nectriaceae
Fusarium_equiseti,Nectriaceae
Fusarium_avenaceum,Nectriaceae
Fusarium_tricinctum,Nectriaceae
Fusarium_udum,Nectriaceae
Fusarium_verticillioides,Nectriaceae
Fusarium_nygamai,Nectriaceae
Fusarium_pininemorale,Nectriaceae
Fusarium_circinatum,Nectriaceae
Fusarium_temperatum,Nectriaceae
Fusarium_fracticaudum,Nectriaceae
Fusarium_agapanthi,Nectriaceae
Fusarium_mangiferae,Nectriaceae
Fusarium_proliferatum,Nectriaceae
Fusarium_fujikuroi,Nectriaceae
Fusarium_commune,Nectriaceae
Fusarium_oxysporum,Nectriaceae
Fusarium_hostae,Nectriaceae
Fusarium_beomiforme,Nectriaceae
Fusarium_burgessii,Nectriaceae
Fusarium_algeriense,Nectriaceae
Fusarium_azukicola,Nectriaceae
Fusarium_brasiliense,Nectriaceae
Fusarium_virguliforme,Nectriaceae
Fusarium_cuneirostrum,Nectriaceae
Fusarium_phaseoli,Nectriaceae
Fusarium_tucumaniae,Nectriaceae
Fusarium_solani,Nectriaceae
Nectria_haematococca,Nectriaceae
Fusarium_euwallaceae,Nectriaceae
Pseudonectria_foliicola,Nectriaceae
Claviceps_purpurea,Clavicipitaceae
Claviceps_fusiformis,Clavicipitaceae
Claviceps_paspali,Clavicipitaceae
Aciculosporium_take,Clavicipitaceae
Epichloe_gansuensis,Clavicipitaceae
Epichloe_festucae,Clavicipitaceae
Epichloe_baconii,Clavicipitaceae
Epichloe_amarillans,Clavicipitaceae
Epichloe_elymi,Clavicipitaceae
Epichloe_bromicola,Clavicipitaceae
Epichloe_brachyelytri,Clavicipitaceae
Epichloe_aotearoae,Clavicipitaceae
Epichloe_sylvatica,Clavicipitaceae
Epichloe_typhina,Clavicipitaceae
Epichloe_glyceriae,Clavicipitaceae
Balansia_obtecta,Clavicipitaceae
Atkinsonella_texensis,Clavicipitaceae
Atkinsonella_hypoxylon,Clavicipitaceae
Periglandula_ipomoeae,Clavicipitaceae
Ustilaginoidea_virens,Clavicipitaceae
Moelleriella_libera,Clavicipitaceae
Hypocrella_siamensis,Clavicipitaceae
Metarhizium_anisopliae,Clavicipitaceae
Metarhizium_robertsii,Clavicipitaceae
Metarhizium_brunneum,Clavicipitaceae
Metarhizium_majus,Clavicipitaceae
Metarhizium_guizhouense,Clavicipitaceae
Metarhizium_acridum,Clavicipitaceae
Metarhizium_album,Clavicipitaceae
Metarhizium_rileyi,Clavicipitaceae
Pochonia_chlamydosporia,Clavicipitaceae
Tolypocladium_capitatum,Ophiocordycipitaceae
Tolypocladium_ophioglossoides,Ophiocordycipitaceae
Tolypocladium_paradoxum,Ophiocordycipitaceae
Tolypocladium_inflatum,Ophiocordycipitaceae
Albophoma_yamanashiensis,Ophiocordycipitaceae
Drechmeria_coniospora,Ophiocordycipitaceae
Purpureocillium_lilacinum,Ophiocordycipitaceae
Ophiocordyceps_polyrhachis-furcata,Ophiocordycipitaceae
Ophiocordyceps_unilateralis,Ophiocordycipitaceae
Ophiocordyceps_camponoti-rufipedis,Ophiocordycipitaceae
Ophiocordyceps_sinensis,Ophiocordycipitaceae
Hirsutella_minnesotensis,Ophiocordycipitaceae
Hirsutella_thompsonii,Ophiocordycipitaceae
Ophiocordyceps_australis,Ophiocordycipitaceae
Paecilomyces_hepiali,Thermoascaceae
Cordyceps_farinosa,Cordycipitaceae
Cordyceps_confragosa,Cordycipitaceae
Cordyceps_fumosorosea,Cordycipitaceae
Cordyceps_cicadae,Cordycipitaceae
Cordyceps_tenuipes,Cordycipitaceae
Cordyceps_pruinosa,Cordycipitaceae
Cordyceps_militaris,Cordycipitaceae
Beauveria_rudraprayagi,Cordycipitaceae
Beauveria_bassiana,Cordycipitaceae
Cordyceps_brongniartii,Cordycipitaceae
Beauveria_pseudobassiana,Cordycipitaceae
Lecanicillium_psalliotae,Cordycipitaceae
Lecanicillium_fungicola,Cordycipitaceae
Torrubiella_hemipterigena,Cordycipitaceae
Trichoderma_atroviride,Hypocreaceae
Trichoderma_koningiopsis,Hypocreaceae
Trichoderma_gamsii,Hypocreaceae
Trichoderma_hamatum,Hypocreaceae
Trichoderma_asperellum,Hypocreaceae
Trichoderma_reesei,Hypocreaceae
Trichoderma_parareesei,Hypocreaceae
Trichoderma_longibrachiatum,Hypocreaceae
Trichoderma_koningii,Hypocreaceae
Trichoderma_citrinoviride,Hypocreaceae
Trichoderma_virens,Hypocreaceae
Trichoderma_guizhouense,Hypocreaceae
Trichoderma_harzianum,Hypocreaceae
Trichoderma_pleuroti,Hypocreaceae
Trichoderma_brevicompactum,Hypocreaceae
Trichoderma_arundinaceum,Hypocreaceae
Escovopsis_weberi,Hypocreaceae
Stachybotrys_chlorohalonata,Stachybotryaceae
Stachybotrys_chartarum,Stachybotryaceae
Memnoniella_echinata,Stachybotryaceae
Paramyrothecium_roridum,Stachybotryaceae
Acremonium_chrysogenum,Bionectriaceae
Geosmithia_morbida,Bionectriaceae
Geosmithia_flava,Bionectriaceae
Geosmithia_putterillii,Bionectriaceae
Gliomastix_tumulicola,Bionectriaceae
Clonostachys_rosea,Bionectriaceae
Trichothecium_ovalisporum,Myrotheciomycetaceae
Trichothecium_sympodiale,Myrotheciomycetaceae
Trichothecium_roseum,Myrotheciomycetaceae
Sarocladium_strictum,Sarocladiaceae
Sarocladium_oryzae,Sarocladiaceae
Colletotrichum_orbiculare,Glomerellaceae
Colletotrichum_lindemuthianum,Glomerellaceae
Colletotrichum_truncatum,Glomerellaceae
Colletotrichum_gloeosporioides,Glomerellaceae
Colletotrichum_fructicola,Glomerellaceae
Colletotrichum_musae,Glomerellaceae
Colletotrichum_sansevieriae,Glomerellaceae
Colletotrichum_nymphaeae,Glomerellaceae
Colletotrichum_simmondsii,Glomerellaceae
Colletotrichum_acutatum,Glomerellaceae
Colletotrichum_fioriniae,Glomerellaceae
Colletotrichum_salicis,Glomerellaceae
Colletotrichum_godetiae,Glomerellaceae
Colletotrichum_orchidophilum,Glomerellaceae
Colletotrichum_falcatum,Glomerellaceae
Colletotrichum_graminicola,Glomerellaceae
Colletotrichum_sublineola,Glomerellaceae
Colletotrichum_tofieldiae,Glomerellaceae
Colletotrichum_incanum,Glomerellaceae
Colletotrichum_lentis,Glomerellaceae
Colletotrichum_higginsianum,Glomerellaceae
Colletotrichum_coccodes,Glomerellaceae
Colletotrichum_chlorophyti,Glomerellaceae
Verticillium_dahliae,Plectosphaerellaceae
Verticillium_longisporum,Plectosphaerellaceae
Verticillium_nonalfalfae,Plectosphaerellaceae
Verticillium_alfalfae,Plectosphaerellaceae
Verticillium_nubilum,Plectosphaerellaceae
Verticillium_isaacii,Plectosphaerellaceae
Verticillium_klebahnii,Plectosphaerellaceae
Verticillium_tricorpus,Plectosphaerellaceae
Verticillium_zaregamsianum,Plectosphaerellaceae
Verticillium_albo-atrum,Plectosphaerellaceae
Acremonium_furcatum,Bionectriaceae
Reticulascus_tulasneorum,Reticulascaceae
Huntiella_omanensis,Ceratocystidaceae
Huntiella_savannae,Ceratocystidaceae
Huntiella_decipiens,Ceratocystidaceae
Huntiella_bhutanensis,Ceratocystidaceae
Huntiella_moniliformis,Ceratocystidaceae
Ceratocystis_adiposa,Ceratocystidaceae
Ambrosiella_xylebori,Ceratocystidaceae
Bretziella_fagacearum,Ceratocystidaceae
Ceratocystis_manginecans,Ceratocystidaceae
Ceratocystis_fimbriata,Ceratocystidaceae
Ceratocystis_eucalypticola,Ceratocystidaceae
Ceratocystis_cacaofunesta,Ceratocystidaceae
Ceratocystis_platani,Ceratocystidaceae
Ceratocystis_albifundus,Ceratocystidaceae
Ceratocystis_harringtonii,Ceratocystidaceae
Chalaropsis_thielavioides,Ceratocystidaceae
Endoconidiophora_laricicola,Ceratocystidaceae
Endoconidiophora_polonica,Ceratocystidaceae
Davidsoniella_virescens,Ceratocystidaceae
Thielaviopsis_musarum,Ceratocystidaceae
Thielaviopsis_ethacetica,Ceratocystidaceae
Thielaviopsis_euricoi,Ceratocystidaceae
Thielaviopsis_punctulata,Ceratocystidaceae
Knoxdaviesia_capensis,Gondwanamycetaceae
Knoxdaviesia_proteae,Gondwanamycetaceae
Scedosporium_aurantiacum,Microascaceae
Scedosporium_dehoogii,Microascaceae
Scedosporium_boydii,Microascaceae
Scedosporium_apiospermum,Microascaceae
Lomentospora_prolificans,Microascaceae
Kretzschmaria_deusta,Xylariaceae
Rosellinia_necatrix,Xylariaceae
Xylaria_polymorpha,Xylariaceae
Xylaria_longipes,Xylariaceae
Didymobotryum_rigidum,Sordariomycetes_incertae_sedis
Hypoxylon_pulicicidum,Hypoxylaceae
Annulohypoxylon_stygium,Hypoxylaceae
Daldinia_eschscholtzii,Hypoxylaceae
Microdochium_bolleyi,Microdochiaceae
Eutypa_lata,Diatrypaceae
Pseudomassariella_vexata,Pseudomassariaceae
Pestalotiopsis_fici,Sporocadaceae
Cadophora_malorum,Ploettnerulaceae
Rhynchosporium_agropyri,Ploettnerulaceae
Rhynchosporium_commune,Ploettnerulaceae
Rhynchosporium_secalis,Ploettnerulaceae
Marssonina_brunnea,Dermateaceae
Marssonina_coronariae,Dermateaceae
Phialocephala_scopiformis,Mollisiaceae
Phialocephala_subalpina,Mollisiaceae
Articulospora_tetracladia,Discinellaceae
Erysiphe_pisi,Erysiphaceae
Erysiphe_pulchra,Erysiphaceae
Erysiphe_necator,Erysiphaceae
Blumeria_graminis,Erysiphaceae
Ascocoryne_sarcoides,Gelatinodiscaceae
Cairneyella_variabilis,Helotiales
Meliniomyces_bicolor,Hyaloscyphaceae
Meliniomyces_variabilis,Hyaloscyphaceae
Pezoloma_ericae,Discinellaceae
Hymenoscyphus_fructigenus,Helotiaceae
Calycina_herbarum,Pezizellaceae
Hymenoscyphus_infarciens,Helotiaceae
Hymenoscyphus_scutula,Helotiaceae
Hymenoscyphus_salicellus,Helotiaceae
Hymenoscyphus_fraxineus,Helotiaceae
Hymenoscyphus_linearis,Helotiaceae
Hymenoscyphus_repandus,Helotiaceae
Glarea_lozoyensis,Helotiaceae
Amorphotheca_resinae,Amorphothecaceae
Oidiodendron_maius,Myxotrichaceae
Gamarada_debralockiae,Hyphodiscaceae
Botrytis_cinerea,Sclerotiniaceae
Botrytis_paeoniae,Sclerotiniaceae
Sclerotinia_glacialis,Sclerotiniaceae
Sclerotinia_sclerotiorum,Sclerotiniaceae
Ciborinia_camelliae,Sclerotiniaceae
Sclerotinia_borealis,Sclerotiniaceae
Monilinia_fructigena,Sclerotiniaceae
Monilinia_polystroma,Sclerotiniaceae
Monilinia_laxa,Sclerotiniaceae
Monilinia_fructicola,Sclerotiniaceae
Monilinia_aucupariae,Sclerotiniaceae
Myriosclerotinia_scirpicola,Sclerotiniaceae
Myriosclerotinia_duriaeana,Sclerotiniaceae
Myriosclerotinia_curreyana,Sclerotiniaceae
Clarireedia_homoeocarpa,Sclerotiniaceae
Rutstroemia_sydowiana,Rutstroemiaceae
Lanzia_echinophila,Rutstroemiaceae
Chlorociboria_aeruginascens,Chlorociboriaceae
Pezicula_radicicola,Dermateaceae
Coleophoma_cylindrospora,Dermateaceae
Coleophoma_crateriformis,Dermateaceae
Scytalidium_lignicola,Helotiaceae
Pseudogymnoascus_verrucosus,Pseudeurotiaceae
Pseudogymnoascus_destructans,Pseudeurotiaceae
Pseudogymnoascus_pannorum,Pseudeurotiaceae
Yamadazyma_philogaea,Debaryomycetaceae
Yamadazyma_nakazawae,Debaryomycetaceae
Yamadazyma_tenuis,Debaryomycetaceae
Yamadazyma_scolyti,Debaryomycetaceae
Candida_gorgasii,Saccharomycetales
Candida_tammaniensis,Saccharomycetales
Candida_ascalaphidarum,Saccharomycetales
Metschnikowia_similis,Metschnikowiaceae
Metschnikowia_dekortorum,Metschnikowiaceae
Metschnikowia_bowlesiae,Metschnikowiaceae
Metschnikowia_arizonensis,Metschnikowiaceae
Metschnikowia_matae_var._matae,Metschnikowiaceae
Metschnikowia_matae_var._maris,Metschnikowiaceae
Metschnikowia_lochheadii,Metschnikowiaceae
Metschnikowia_cerradonensis,Metschnikowiaceae
Metschnikowia_santaceciliae,Metschnikowiaceae
Metschnikowia_continentalis,Metschnikowiaceae
Metschnikowia_ipomoeae,Metschnikowiaceae
Metschnikowia_borealis,Metschnikowiaceae
Metschnikowia_kamakouana,Metschnikowiaceae
Metschnikowia_mauinuiana,Metschnikowiaceae
Metschnikowia_hawaiiensis,Metschnikowiaceae
Metschnikowia_hamakuensis,Metschnikowiaceae
Metschnikowia_drakensbergensis,Metschnikowiaceae
Metschnikowia_proteae,Metschnikowiaceae
Metschnikowia_aberdeeniae,Metschnikowiaceae
Metschnikowia_shivogae,Metschnikowiaceae
Metschnikowia_hibisci,Metschnikowiaceae
Metschnikowia_kipukae,Metschnikowiaceae
Candida_hawaiiana,Saccharomycetales
Candida_wancherniae,Saccharomycetales
Candida_golubevii,Saccharomycetales
Metschnikowia_bicuspidata_var._bicuspidata,Metschnikowiaceae
Candida_fructus,Saccharomycetales
Clavispora_lusitaniae,Metschnikowiaceae
Candida_intermedia,Saccharomycetales
Candida_blattae,Saccharomycetales
Candida_oregonensis,Saccharomycetales
Candida_auris,Saccharomycetales
Candida_heveicola,Saccharomycetales
Candida_rhagii,Saccharomycetales
Hyphopichia_heimii,Saccharomycetales
Candida_gotoi,Saccharomycetales
Danielozyma_ontarioensis,Saccharomycetales
Hyphopichia_burtonii,Saccharomycetales
Hyphopichia_homilentoma,Saccharomycetales
Priceomyces_carsonii,Debaryomycetaceae
Priceomyces_haplophilus,Debaryomycetaceae
Priceomyces_castillae,Debaryomycetaceae
Priceomyces_medius,Debaryomycetaceae
Suhomyces_tanzawaensis,Debaryomycetaceae
Suhomyces_emberorum,Debaryomycetaceae
Suhomyces_canberraensis,Debaryomycetaceae
Suhomyces_pyralidae,Debaryomycetaceae
Candida_restingae,Saccharomycetales
Kodamaea_ohmeri,Metschnikowiaceae
Kodamaea_laetipori,Metschnikowiaceae
Aciculoconidium_aculeatum,Saccharomycetales
Teunomyces_kruisii,Saccharomycetales
Teunomyces_cretensis,Saccharomycetales
Teunomyces_gatunensis,Saccharomycetales
Wickerhamia_fluorescens,Saccharomycetales
Candida_parapsilosis,Saccharomycetales
Candida_orthopsilosis,Saccharomycetales
Lodderomyces_elongisporus,Debaryomycetaceae
Candida_corydali,Saccharomycetales
Candida_dubliniensis,Saccharomycetales
Candida_albicans,Saccharomycetales
Candida_sojae,Saccharomycetales
Candida_tropicalis,Saccharomycetales
Spathaspora_arborariae,Debaryomycetaceae
Spathaspora_girioi,Debaryomycetaceae
Spathaspora_passalidarum,Debaryomycetaceae
Spathaspora_hagerdaliae,Debaryomycetaceae
Spathaspora_gorwiae,Debaryomycetaceae
Scheffersomyces_stipitis,Debaryomycetaceae
Scheffersomyces_lignosus,Debaryomycetaceae
Candida_carpophila,Saccharomycetales
Meyerozyma_caribbica,Debaryomycetaceae
Meyerozyma_guilliermondii,Debaryomycetaceae
Candida_athensensis,Saccharomycetales
Debaryomyces_prosopidis,Debaryomycetaceae
Debaryomyces_subglobosus,Debaryomycetaceae
Debaryomyces_fabryi,Debaryomycetaceae
Debaryomyces_hansenii,Debaryomycetaceae
Debaryomyces_nepalensis,Debaryomycetaceae
Debaryomyces_maramus,Debaryomycetaceae
Millerozyma_acaciae,Debaryomycetaceae
Candida_schatavii,Saccharomycetales
Kurtzmaniella_cleridarum,Debaryomycetaceae
Candida_fragi,Saccharomycetales
Cephaloascus_albidus,Cephaloascaceae
Cephaloascus_fragrans,Cephaloascaceae
Babjeviella_inositovora,Debaryomycetaceae
Komagataella_populi,Pichiaceae
Komagataella_pastoris,Pichiaceae
Komagataella_pseudopastoris,Pichiaceae
Citeromyces_siamensis,Saccharomycetaceae
Citeromyces_matritensis,Saccharomycetaceae
Citeromyces_hawaiiensis,Saccharomycetaceae
Ogataea_methylivora,Pichiaceae
Ogataea_ramenticola,Pichiaceae
Candida_succiphila,Saccharomycetales
Ogataea_naganishii,Pichiaceae
Ambrosiozyma_pseudovanderkliftii,Saccharomycopsidaceae
Ambrosiozyma_vanderkliftii,Saccharomycopsidaceae
Ambrosiozyma_kashinagacola,Saccharomycopsidaceae
Ambrosiozyma_monospora,Saccharomycopsidaceae
Ambrosiozyma_oregonensis,Saccharomycopsidaceae
Ambrosiozyma_ambrosiae,Saccharomycopsidaceae
Ambrosiozyma_philentoma,Saccharomycopsidaceae
Ambrosiozyma_maleeae,Saccharomycopsidaceae
Pichia_exigua,Pichiaceae
Pichia_heedii,Pichiaceae
Pichia_nakasei,Pichiaceae
Pichia_kudriavzevii,Pichiaceae
Pichia_norvegensis,Pichiaceae
Pichia_occidentalis,Pichiaceae
Pichia_membranifaciens,Pichiaceae
Pichia_terricola,Pichiaceae
Candida_sorboxylosa,Saccharomycetales
Saturnispora_zaruensis,Pichiaceae
Saturnispora_dispora,Pichiaceae
Saturnispora_hagleri,Pichiaceae
Saturnispora_serradocipensis,Pichiaceae
Saturnispora_saitoi,Pichiaceae
Saturnispora_mendoncae,Pichiaceae
Saturnispora_silvae,Pichiaceae
Martiniozyma_abiesophila,Pichiaceae
Kregervanrija_delftensis,Pichiaceae
Kregervanrija_fluxuum,Pichiaceae
Brettanomyces_custersianus,Pichiaceae
Brettanomyces_anomalus,Pichiaceae
Brettanomyces_bruxellensis,Pichiaceae
Ogataea_nonfermentans,Pichiaceae
Ogataea_minuta,Pichiaceae
Ogataea_philodendri,Pichiaceae
Ogataea_parapolymorpha,Pichiaceae
Ogataea_polymorpha,Pichiaceae
Ogataea_kodamae,Pichiaceae
Ogataea_zsoltii,Pichiaceae
Ogataea_henricii,Pichiaceae
Ogataea_pini,Pichiaceae
Ogataea_glucozyma,Pichiaceae
Ogataea_trehaloabstinens,Pichiaceae
Ogataea_populialbae,Pichiaceae
Ogataea_pilisensis,Pichiaceae
Ogataea_nitratoaversa,Pichiaceae
Candida_arabinofermentans,Saccharomycetales
Ogataea_trehalophila,Pichiaceae
Ogataea_methanolica,Pichiaceae
Candida_boidinii,Saccharomycetales
Kuraishia_molischiana,Pichiaceae
Kuraishia_capsulata,Pichiaceae
Kuraishia_ogatae,Pichiaceae
Peterozyma_xylosa,Saccharomycetales
Peterozyma_toletana,Saccharomycetales
Nakazawaea_holstii,Saccharomycetales
Nakazawaea_peltata,Saccharomycetales
Pachysolen_tannophilus,Pichiaceae
Naumovozyma_dairenensis,Saccharomycetaceae
Naumovozyma_castellii,Saccharomycetaceae
Kazachstania_siamensis,Saccharomycetaceae
Kazachstania_aerobia,Saccharomycetaceae
Kazachstania_solicola,Saccharomycetaceae
Kazachstania_unispora,Saccharomycetaceae
Kazachstania_yakushimaensis,Saccharomycetaceae
Kazachstania_transvaalensis,Saccharomycetaceae
Kazachstania_taianensis,Saccharomycetaceae
Kazachstania_bromeliacearum,Saccharomycetaceae
Kazachstania_naganishii,Saccharomycetaceae
Kazachstania_intestinalis,Saccharomycetaceae
Kazachstania_martiniae,Saccharomycetaceae
Kazachstania_spencerorum,Saccharomycetaceae
Kazachstania_rosinii,Saccharomycetaceae
Kazachstania_kunashirensis,Saccharomycetaceae
Kazachstania_turicensis,Saccharomycetaceae
Kazachstania_viticola,Saccharomycetaceae
Kazachstania_africana,Saccharomycetaceae
Saccharomyces_paradoxus,Saccharomycetaceae
Saccharomyces_cerevisiae,Saccharomycetaceae
Saccharomyces_mikatae,Saccharomycetaceae
Saccharomyces_kudriavzevii,Saccharomycetaceae
Saccharomyces_arboricola,Saccharomycetaceae
Saccharomyces_uvarum,Saccharomycetaceae
Saccharomyces_eubayanus,Saccharomycetaceae
Candida_bracarensis,Saccharomycetales
Nakaseomyces_delphensis,Saccharomycetaceae
Candida_nivariensis,Saccharomycetales
Candida_glabrata,Saccharomycetales
Candida_castellii,Saccharomycetales
Nakaseomyces_bacillisporus,Saccharomycetaceae
Tetrapisispora_iriomotensis,Saccharomycetaceae
Tetrapisispora_phaffii,Saccharomycetaceae
Tetrapisispora_namnaonensis,Saccharomycetaceae
Tetrapisispora_fleetii,Saccharomycetaceae
Vanderwaltozyma_polyspora,Saccharomycetaceae
Tetrapisispora_blattae,Saccharomycetaceae
Yueomyces_sinensis,Saccharomycetaceae
Torulaspora_franciscae,Saccharomycetaceae
Torulaspora_pretoriensis,Saccharomycetaceae
Torulaspora_delbrueckii,Saccharomycetaceae
Torulaspora_maleeae,Saccharomycetaceae
Zygotorulaspora_florentina,Saccharomycetaceae
Zygotorulaspora_mrakii,Saccharomycetaceae
Torulaspora_microellipsoides,Saccharomycetaceae
Zygosaccharomyces_rouxii,Saccharomycetaceae
Zygosaccharomyces_kombuchaensis,Saccharomycetaceae
Zygosaccharomyces_bailii,Saccharomycetaceae
Zygosaccharomyces_bisporus,Saccharomycetaceae
Lachancea_waltii,Saccharomycetaceae
Lachancea_thermotolerans,Saccharomycetaceae
Lachancea_quebecensis,Saccharomycetaceae
Lachancea_lanzarotensis,Saccharomycetaceae
Lachancea_fantastica_nom_nud,Saccharomycetaceae
Lachancea_meyersii,Saccharomycetaceae
Lachancea_dasiensis,Saccharomycetaceae
Lachancea_nothofagi,Saccharomycetaceae
Lachancea_mirantina,Saccharomycetaceae
Lachancea_fermentati,Saccharomycetaceae
Lachancea_cidri,Saccharomycetaceae
Lachancea_kluyveri,Saccharomycetaceae
Kluyveromyces_marxianus,Saccharomycetaceae
Kluyveromyces_dobzhanskii,Saccharomycetaceae
Kluyveromyces_lactis,Saccharomycetaceae
Kluyveromyces_aestuarii,Saccharomycetaceae
Eremothecium_cymbalariae,Saccharomycetaceae
Eremothecium_gossypii,Saccharomycetaceae
Ashbya_aceri,Saccharomycetaceae
Eremothecium_coryli,Saccharomycetaceae
Eremothecium_sinecaudum,Saccharomycetaceae
Hanseniaspora_osmophila,Saccharomycodaceae
Hanseniaspora_vineae,Saccharomycodaceae
Hanseniaspora_valbyensis,Saccharomycodaceae
Hanseniaspora_singularis,Saccharomycodaceae
Kloeckera_hatyaiensis,Saccharomycodaceae
Hanseniaspora_uvarum,Saccharomycodaceae
Hanseniaspora_clermontiae,Saccharomycodaceae
Hanseniaspora_pseudoguilliermondii,Saccharomycodaceae
Cyberlindnera_maclurae,Phaffomycetaceae
Cyberlindnera_misumaiensis,Phaffomycetaceae
Candida_vartiovaarae,Saccharomycetales
Cyberlindnera_jadinii,Phaffomycetaceae
Cyberlindnera_suaveolens,Phaffomycetaceae
Cyberlindnera_saturnus,Phaffomycetaceae
Cyberlindnera_mrakii,Phaffomycetaceae
Cyberlindnera_xylosilytica,Phaffomycetaceae
Cyberlindnera_petersonii,Phaffomycetaceae
Candida_mycetangii,Saccharomycetales
Cyberlindnera_americana,Phaffomycetaceae
Cyberlindnera_fabianii,Phaffomycetaceae
Candida_freyschussii,Saccharomycetales
Wickerhamomyces_hampshirensis,Phaffomycetaceae
Wickerhamomyces_alni,Phaffomycetaceae
Wickerhamomyces_canadensis,Phaffomycetaceae
Barnettozyma_californica,Phaffomycetaceae
Barnettozyma_populi,Phaffomycetaceae
Barnettozyma_hawaiiensis,Phaffomycetaceae
Barnettozyma_salicaria,Phaffomycetaceae
Barnettozyma_pratensis,Phaffomycetaceae
Phaffomyces_antillensis,Phaffomycetaceae
Phaffomyces_opuntiae,Phaffomycetaceae
Phaffomyces_thermotolerans,Phaffomycetaceae
Candida_orba,Saccharomycetales
Candida_montana,Saccharomycetales
Wickerhamomyces_bovis,Phaffomycetaceae
Wickerhamomyces_ciferrii,Phaffomycetaceae
Wickerhamomyces_anomalus,Phaffomycetaceae
Candida_stellimalicola,Saccharomycetales
Starmera_amethionina,Phaffomycetaceae
Starmera_quercuum,Phaffomycetaceae
Candida_ponderosae,Saccharomycetales
Saccharomycopsis_capsularis,Saccharomycopsidaceae
Saccharomycopsis_malanga,Saccharomycopsidaceae
Ascoidea_asiatica,Ascoideaceae
Ascoidea_rubescens,Ascoideaceae
Sporopachydermia_lactativora,Saccharomycetales
Sporopachydermia_quercuum,Saccharomycetales
Alloascoidea_hylecoeti,Alloascoideaceae
Magnusiomyces_tetraspermus,Dipodascaceae
Saprochaete_clavata,Dipodascaceae
Geotrichum_candidum,Dipodascaceae
Dipodascus_geniculatus,Dipodascaceae
Dipodascus_albidus,Dipodascaceae
Middelhovenomyces_tepae,Saccharomycetales
Groenewaldozyma_salmanticensis,Trichomonascaceae
Zygoascus_meyerae,Trichomonascaceae
Zygoascus_ofunaensis,Trichomonascaceae
Diddensiella_caesifluorescens,Trichomonascaceae
Spencermartinsiella_europaea,Trichomonascaceae
Sugiyamaella_lignohabitans,Trichomonascaceae
Blastobotrys_proliferans,Trichomonascaceae
Blastobotrys_nivea,Trichomonascaceae
Blastobotrys_mokoenaii,Trichomonascaceae
Blastobotrys_serpentis,Trichomonascaceae
Blastobotrys_adeninivorans,Trichomonascaceae
Blastobotrys_raffinosifermentans,Trichomonascaceae
Blastobotrys_americana,Trichomonascaceae
Blastobotrys_peoriensis,Trichomonascaceae
Blastobotrys_muscicola,Trichomonascaceae
Deakozyma_indianensis,Saccharomycetales
Candida_incommunis,Saccharomycetales
Wickerhamiella_versatilis,Trichomonascaceae
Starmerella_bombicola,Trichomonascaceae
Starmerella_apicola,Trichomonascaceae
Wickerhamiella_domercqiae,Trichomonascaceae
Wickerhamiella_cacticola,Trichomonascaceae
Wickerhamiella_infanticola,Trichomonascaceae
Yarrowia_bubula,Saccharomycetales
Yarrowia_divulgata,Saccharomycetales
Yarrowia_deformans,Saccharomycetales
Yarrowia_keelungensis,Saccharomycetales
Yarrowia_lipolytica,Saccharomycetales
Candida_hispaniensis,Saccharomycetales
Nadsonia_fulvescens_var._fulvescens,Saccharomycetales
Nadsonia_fulvescens_var._elongata,Saccharomycetales
Tortispora_ganteri,Trigonopsidaceae
Tortispora_caseinolytica,Trigonopsidaceae
Tortispora_starmeri,Trigonopsidaceae
Botryozyma_nematodophila,Trigonopsidaceae
Trigonopsis_variabilis,Trigonopsidaceae
Trigonopsis_vinaria,Trigonopsidaceae
Lipomyces_japonicus,Lipomycetaceae
Lipomyces_starkeyi,Lipomycetaceae
Lipomyces_arxii,Lipomycetaceae
Lipomyces_mesembrius,Lipomycetaceae
Lipomyces_kononenkoae,Lipomycetaceae
Lipomyces_doorenjongii,Lipomycetaceae
Lipomyces_oligophaga,Lipomycetaceae
Lipomyces_suomiensis,Lipomycetaceae
Lipomyces_lipofer,Lipomycetaceae
Schizophyllum_commune,Schizophyllaceae
Auriculariopsis_ampla,Schizophyllaceae
Fistulina_hepatica,Agaricales
Mycena_citricolor,Mycenaceae
Mycena_chlorophos,Mycenaceae
Lentinula_edodes,Omphalotaceae
Gymnopus_luxurians,Omphalotaceae
Omphalotus_olearius,Omphalotaceae
Dendrothele_bispora,Agaricales_incertae_sedis
Moniliophthora_roreri,Marasmiaceae
Armillaria_ostoyae,Physalacriaceae
Armillaria_solidipes,Physalacriaceae
Armillaria_cepistipes,Physalacriaceae
Armillaria_gallica,Physalacriaceae
Armillaria_fuscipes,Physalacriaceae
Cylindrobasidium_torrendii,Physalacriaceae
Flammulina_velutipes,Physalacriaceae
Hymenopellis_chiangmaiae,Physalacriaceae
Hymenopellis_radicata,Physalacriaceae
Chondrostereum_purpureum,Cyphellaceae
Gloeostereum_incarnatum,Cyphellaceae
Megacollybia_marginata,Agaricales
Baeospora_myosura,Agaricales
Tricholoma_saponaceum,Tricholomataceae
Tricholoma_flavovirens,Tricholomataceae
Tricholoma_matsutake,Tricholomataceae
Tricholoma_bakamatsutake,Tricholomataceae
Tricholoma_terreum,Tricholomataceae
Hypsizygus_marmoreus,Lyophyllaceae
Lyophyllum_decastes,Lyophyllaceae
Lyophyllum_shimeji,Lyophyllaceae
Termitomyces_heimii,Lyophyllaceae
Termitomyces_eurrhizus,Lyophyllaceae
Lepista_sordida,Agaricales
Macrocystidia_cucumis,Macrocystidiaceae
Macrolepiota_dolichaula,Agaricaceae
Agaricus_bisporus,Agaricaceae
Leucoagaricus_gongylophorus,Agaricaceae
Lepiota_venenata,Agaricaceae
Coprinus_comatus,Agaricaceae
Coprinopsis_strossmayeri,Psathyrellaceae
Coprinopsis_cinerea,Psathyrellaceae
Coprinopsis_marcescibilis,Psathyrellaceae
Coprinellus_micaceus,Psathyrellaceae
Psathyrella_aberdarensis,Psathyrellaceae
Laccaria_bicolor,Hydnangiaceae
Laccaria_amethystina,Hydnangiaceae
Panaeolus_cyanescens,Agaricales
Agrocybe_cylindracea,Strophariaceae
Hypholoma_sublateritium,Strophariaceae
Stropharia_rugosoannulata,Strophariaceae
Pholiota_microspora,Strophariaceae
Hebeloma_cylindrosporum,Hymenogastraceae
Galerina_marginata,Hymenogastraceae
Gymnopilus_dilepis,Hymenogastraceae
Psilocybe_cyanescens,Hymenogastraceae
Floccularia_luteovirens,Agaricales
Crucibulum_laeve,Nidulariaceae
Pluteus_cervinus,Pluteaceae
Volvariella_volvacea,Pluteaceae
Amanita_thiersii,Amanitaceae
Amanita_bisporigera,Amanitaceae
Amanita_phalloides,Amanitaceae
Amanita_brunnescens,Amanitaceae
Amanita_polypyramis,Amanitaceae
Amanita_pseudoporphyria,Amanitaceae
Amanita_jacksonii,Amanitaceae
Amanita_inopinata,Amanitaceae
Pleurotus_ostreatus,Pleurotaceae
Pleurotus_platypus,Pleurotaceae
Pleurotus_tuoliensis,Pleurotaceae
Pleurotus_citrinopileatus,Pleurotaceae
Pleurotus_salmoneostramineus,Pleurotaceae
Pleurotus_tuberregium,Pleurotaceae
Pterula_gracilis,Pterulaceae
Clavaria_fumosa,Clavariaceae
Hygrophorus_pudorinus,Hygrophoraceae
Hygrophorus_russula,Hygrophoraceae
Plicaturopsis_crispa,Amylocorticiaceae
Piloderma_croceum,Atheliaceae
Scleroderma_citrinum,Sclerodermataceae
Pisolithus_tinctorius,Sclerodermataceae
Pisolithus_microcarpus,Sclerodermataceae
Neoboletus_brunneissimus,Boletaceae
Neoboletus_magnificus,Boletaceae
Boletus_subvelutipes,Boletaceae
Pulveroboletus_ravenelii,Boletaceae
Boletus_speciosus,Boletaceae
Retiboletus_ornatipes,Boletaceae
Butyriboletus_roseoflavus,Boletaceae
Caloboletus_calopus,Boletaceae
Boletus_bicolor,Boletaceae
Chiua_virens,Boletaceae
Boletus_edulis,Boletaceae
Xerocomus_impolitus,Boletaceae
Tylopilus_plumbeoviolaceoides,Boletaceae
Paxillus_rubicundulus,Paxillaceae
Paxillus_involutus,Paxillaceae
Hydnomerulius_pinastri,Boletales
Phlebopus_portentosus,Boletinellaceae
Suillus_placidus,Suillaceae
Suillus_luteus,Suillaceae
Suillus_pictus,Suillaceae
Suillus_alpinus,Suillaceae
Auricularia_polytricha,Auriculariaceae
Rhizopogon_vesiculosus,Rhizopogonaceae
Rhizopogon_vinicolor,Rhizopogonaceae
Rhizopogon_rudus,Rhizopogonaceae
Rhizopogon_villosulus,Rhizopogonaceae
Rhizopogon_hawkerae,Rhizopogonaceae
Rhizopogon_parksii,Rhizopogonaceae
Rhizopogon_vulgaris,Rhizopogonaceae
Rhizopogon_salebrosus,Rhizopogonaceae
Rhizopogon_fuscorubens,Rhizopogonaceae
Coniophora_puteana,Coniophoraceae
Serpula_lacrymans,Serpulaceae
Phanerochaete_chrysosporium,Phanerochaetaceae
Phanerochaete_carnosa,Phanerochaetaceae
Phlebiopsis_gigantea,Phanerochaetaceae
Irpex_lacteus,Irpicaceae
Phlebia_centrifuga,Meruliaceae
Pleurotus_ostreatoroseus,Pleurotaceae
Antrodiella_citrinella,Steccherinaceae
Steccherinum_ochraceum,Steccherinaceae
Lentinus_polychrous,Polyporaceae
Lignosus_rhinocerotis,Polyporaceae
Coriolopsis_trogii,Polyporaceae
Polyporus_arcularius,Polyporaceae
Polyporus_brumalis,Polyporaceae
Lentinus_tigrinus,Polyporaceae
Ganoderma_boninense,Ganodermataceae
Ganoderma_sinense,Ganodermataceae
Ganoderma_australe,Ganodermataceae
Ganoderma_lucidum,Ganodermataceae
Ganoderma_tsugae,Ganodermataceae
Dichomitus_squalens,Polyporaceae
Grammothele_lineata,Polyporaceae
Tinctoporellus_epimiltinus,Polyporaceae
Trametes_coccinea,Polyporaceae
Trametes_sanguinea,Polyporaceae
Trametes_cinnabarina,Polyporaceae
Trametes_pubescens,Polyporaceae
Trametes_versicolor,Polyporaceae
Trametes_villosa,Polyporaceae
Trametes_polyzona,Polyporaceae
Trametes_hirsuta,Polyporaceae
Grifola_frondosa,Grifolaceae
Taiwanofungus_camphoratus,Polyporales
Fibroporia_radiculosa,Polyporales
Postia_placenta,Dacryobolaceae
Wolfiporia_cocos,Fomitopsidaceae
Fomitopsis_pinicola,Fomitopsidaceae
Fomitopsis_palustris,Fomitopsidaceae
Daedalea_quercina,Fomitopsidaceae
Fomitopsis_rosea,Fomitopsidaceae
Laetiporus_sulphureus,Laetiporaceae
Sparassis_latifolia,Sparassidaceae
Sparassis_crispa,Sparassidaceae
Gelatoporia_subvermispora,Gelatoporiaceae
Obba_rivulosa,Gelatoporiaceae
Sarcodon_aspratus,Bankeraceae
Thelephora_aurantiotincta,Thelephoraceae
Lactifluus_rugatus,Russulaceae
Lactarius_volemus,Russulaceae
Lactifluus_pinguis,Russulaceae
Lactarius_piperatus,Russulaceae
Lactifluus_hygrophoroides,Russulaceae
Lactarius_echinatus,Russulaceae
Russula_foetens,Russulaceae
Russula_virescens,Russulaceae
Russula_lepida,Russulaceae
Russula_griseocarnosa,Russulaceae
Russula_abietina,Russulaceae
Russula_aff._compacta,Russulaceae
Lactarius_indigo,Russulaceae
Lactarius_hatsudake,Russulaceae
Lactarius_deliciosus,Russulaceae
Lactarius_trivialis,Russulaceae
Hericium_erinaceus,Hericiaceae
Hericium_alpestre,Hericiaceae
Hericium_coralloides,Hericiaceae
Dentipellis_fragilis,Hericiaceae
Albatrellus_ellisii,Albatrellaceae
Pleurotus_eryngii,Pleurotaceae
Bondarzewia_mesenterica,Bondarzewiaceae
Heterobasidion_irregulare,Bondarzewiaceae
Heterobasidion_annosum,Bondarzewiaceae
Heterobasidion_parviporum,Bondarzewiaceae
Stereum_hirsutum,Stereaceae
Limonomyces_culmigenus,Corticiaceae
Punctularia_strigosozonata,Punctulariaceae
Gloeophyllum_trabeum,Gloeophyllaceae
Heliocybe_sulcata,Gloeophyllaceae
Neolentinus_lepideus,Gloeophyllaceae
Jaapia_argillacea,Jaapiaceae
Phellinus_lamaoensis,Hymenochaetaceae
Pyrrhoderma_noxium,Hymenochaetaceae
Sanghuangporus_baumii,Hymenochaetaceae
Fomitiporia_mediterranea,Hymenochaetaceae
Porodaedalea_pini,Hymenochaetaceae
Phellinidium_pouzarii,Hymenochaetaceae
Coniferiporia_sulphurascens,Hymenochaetaceae
Schizopora_paradoxa,Schizoporaceae
Rickenella_mellea,Rickenellaceae
Sistotremastrum_suecicum,Hydnodontaceae
Sistotremastrum_niveocremeum,Hydnodontaceae
Gomphus_bonarii,Gomphaceae
Chroogomphus_rutilus,Gomphidiaceae
Sphaerobolus_stellatus,Geastraceae
Auricularia_subglabra,Auriculariaceae
Auricularia_cornea,Auriculariaceae
Auricularia_auriculajudae,Auriculariaceae
Auricularia_heimuer,Auriculariaceae
Exidia_glandulosa,Auriculariaceae
Serendipita_indica,Serendipitaceae
Serendipita_vermifera,Serendipitaceae
Cantharellus_appalachiensis,Cantharellaceae
Cantharellus_cibarius,Cantharellaceae
Cantharellus_cinnabarinus,Cantharellaceae
Cantharellus_lutescens,Cantharellaceae
Botryobasidium_botryosum,Botryobasidiaceae
Tulasnella_calospora,Tulasnellaceae
Ceratobasidium_theobromae,Ceratobasidiaceae
Rhizoctonia_solani,Ceratobasidiaceae
Calocera_viscosa,Dacrymycetaceae
Calocera_cornea,Dacrymycetaceae
Dacryopinax_primogenitus,Dacrymycetaceae
Apiotrichum_veenhuisii,Trichosporonaceae
Trichosporon_akiyoshidainum,Trichosporonaceae
Apiotrichum_laibachii,Trichosporonaceae
Apiotrichum_gracile,Trichosporonaceae
Apiotrichum_domesticum,Trichosporonaceae
Apiotrichum_montevideense,Trichosporonaceae
Apiotrichum_brassicae,Trichosporonaceae
Apiotrichum_porosum,Trichosporonaceae
Apiotrichum_gamsii,Trichosporonaceae
Pascua_guehoae,Trichosporonaceae
Prillingera_fragicola,Trichosporonaceae
Trichosporon_inkin,Trichosporonaceae
Trichosporon_asahii,Trichosporonaceae
Trichosporon_faecale,Trichosporonaceae
Cutaneotrichosporon_curvatum,Trichosporonaceae
Cutaneotrichosporon_oleaginosum,Trichosporonaceae
Cutaneotrichosporon_cutaneum,Trichosporonaceae
Cutaneotrichosporon_mucoides,Trichosporonaceae
Cutaneotrichosporon_dermatis,Trichosporonaceae
Cutaneotrichosporon_arboriformis,Trichosporonaceae
Cutaneotrichosporon_cyanovorans,Trichosporonaceae
Cutaneotrichosporon_daszewskae,Trichosporonaceae
Vanrija_humicola,Trichosporonaceae
Takashimella_tepidaria,Tetragoniomycetaceae
Takashimella_koratensis,Tetragoniomycetaceae
Cryptococcus_gattii_VGIV,Cryptococcaceae
Cryptococcus_gattii_VGI,Cryptococcaceae
Cryptococcus_gattii_VGIII,Cryptococcaceae
Cryptococcus_gattii_VGII,Cryptococcaceae
Cryptococcus_neoformans,Cryptococcaceae
Cryptococcus_depauperatus,Cryptococcaceae
Cryptococcus_wingfieldii,Cryptococcaceae
Cryptococcus_amylolentus,Cryptococcaceae
Kwoniella_bestiolae,Cryptococcaceae
Kwoniella_mangrovensis,Cryptococcaceae
Kwoniella_dejecticola,Cryptococcaceae
Kwoniella_pini,Cryptococcaceae
Kwoniella_heveanensis,Cryptococcaceae
Kwoniella_shandongensis,Cryptococcaceae
Tremella_mesenterica,Tremellaceae
Tremella_fuciformis,Tremellaceae
Dioszegia_aurantiaca,Bulleribasidiaceae
Dioszegia_crocea,Bulleribasidiaceae
Saitozyma_podzolica,Trimorphomycetaceae
Bullera_alba,Bulleraceae
Papiliotrema_laurentii,Rhynchogastremaceae
Papiliotrema_flavescens,Rhynchogastremaceae
Kockovaella_imperatae,Cuniculitremaceae
Naematelia_encephala,Naemateliaceae
Phaeotremella_skinneri,Phaeotremellaceae
Phaeotremella_fagi,Phaeotremellaceae
Holtermannia_corniformis,Holtermanniaceae
Holtermanniella_nyarrowii,
Solicoccozyma_terricola,Piskurozymaceae
Solicoccozyma_phenolica,Piskurozymaceae
Filobasidium_wieringae,Filobasidiaceae
Naganishia_albida,Filobasidiaceae
Mrakia_frigida,Mrakiaceae
Mrakia_psychrophila,Mrakiaceae
Mrakia_blollopis,Mrakiaceae
Xanthophyllomyces_dendrorhous,Mrakiaceae
Phaffia_rhodozyma,Mrakiaceae
Basidioascus_undulatus,Geminibasidiaceae
Wallemia_hederae,Wallemiaceae
Wallemia_ichthyophaga,Wallemiaceae
Wallemia_mellicola,Wallemiaceae
Ceraceosorus_guamensis,Ceraceosoraceae
Ceraceosorus_bombacis,Ceraceosoraceae
Tilletiopsis_washingtonensis,Entylomataceae
Acaromyces_ingoldii,Cryptobasidiaceae
Meira_nashicola,Brachybasidiaceae
Meira_miltonrushii,Brachybasidiaceae
Quambalaria_eucalypti,Quambalariaceae
Pseudomicrostroma_glucosiphilum,Microstromatales
Jaminaea_rosea,Microstromatales
Golubevia_pallescens,Golubeviaceae
Pseudozyma_hubeiensis,Ustilaginaceae
Ustilago_vetiveriae,Ustilaginaceae
Ustilago_maydis,Ustilaginaceae
Sporisorium_graminicola,Ustilaginaceae
Sporisorium_reilianum,Ustilaginaceae
Sporisorium_scitamineum,Ustilaginaceae
Ustilago_tritici,Ustilaginaceae
Sporisorium_iseilematisciliati,Ustilaginaceae
Kalmanozyma_brasiliensis,Ustilaginaceae
Ustilago_esculenta,Ustilaginaceae
Pseudozyma_tsukubaensis,Ustilaginaceae
Ustilago_bromivora,Ustilaginaceae
Ustilago_hordei,Ustilaginaceae
Ustilago_cynodontis,Ustilaginaceae
Ustilago_xerochloae,Ustilaginaceae
Moesziomyces_antarcticus,Ustilaginaceae
Moesziomyces_aphidis,Ustilaginaceae
Testicularia_cyperi,Anthracoideaceae
Anthracocystis_flocculosa,Ustilaginaceae
Thecaphora_thlaspeos,Glomosporiaceae
Violaceomyces_palustris,Violaceomycetaceae
Malassezia_dermatis,Malasseziaceae
Malassezia_caprae,Malasseziaceae
Malassezia_sympodialis,Malasseziaceae
Malassezia_equina,Malasseziaceae
Malassezia_nana,Malasseziaceae
Malassezia_pachydermatis,Malasseziaceae
Malassezia_restricta,Malasseziaceae
Malassezia_globosa,Malasseziaceae
Malassezia_obtusa,Malasseziaceae
Malassezia_yamatoensis,Malasseziaceae
Malassezia_japonica,Malasseziaceae
Malassezia_vespertilionis,Malasseziaceae
Malassezia_slooffiae,Malasseziaceae
Malassezia_cuniculi,Malasseziaceae
Tilletia_horrida,Tilletiaceae
Tilletia_controversa,Tilletiaceae
Tilletia_caries,Tilletiaceae
Tilletia_laevis,Tilletiaceae
Tilletia_walkeri,Tilletiaceae
Tilletia_indica,Tilletiaceae
Salmacisia_buchloeana,Tilletiaceae
Tilletiaria_anomala,Tilletiariaceae
Leucosporidium_scottii,Leucosporidiaceae
Leucosporidium_creatinivorum,Leucosporidiaceae
Glaciozyma_antarctica,Camptobasidiaceae
Microbotryum_silenesacaulis,Microbotryaceae
Microbotryum_lychnidisdioicae,Microbotryaceae
Microbotryum_silenesdioicae,Microbotryaceae
Microbotryum_saponariae,Microbotryaceae
Microbotryum_violaceum,Microbotryaceae
Microbotryum_intermedium,Microbotryaceae
Rhodotorula_kratochvilovae,Sporidiobolaceae
Rhodotorula_diobovata,Sporidiobolaceae
Rhodotorula_graminis,Sporidiobolaceae
Rhodotorula_paludigena,Sporidiobolaceae
Rhodotorula_toruloides,Sporidiobolaceae
Rhodotorula_mucilaginosa,Sporidiobolaceae
Rhodotorula_taiwanensis,Sporidiobolaceae
Sporidiobolus_salmonicolor,Sporidiobolaceae
Melampsora_abietiscanadensis,Melampsoraceae
Melampsora_occidentalis,Melampsoraceae
Melampsora_medusae,Melampsoraceae
Melampsora_laricipopulina,Melampsoraceae
Melampsora_alliipopulina,Melampsoraceae
Melampsora_aecidioides,Melampsoraceae
Cronartium_ribicola,Cronartiaceae
Austropuccinia_psidii,Sphaerophragmiaceae
Puccinia_novopanici,Pucciniaceae
Puccinia_sorghi,Pucciniaceae
Puccinia_horiana,Pucciniaceae
Puccinia_triticina,Pucciniaceae
Puccinia_hordei,Pucciniaceae
Uromyces_viciaefabae,Pucciniaceae
Hemileia_vastatrix,Pucciniales
Cystobasidium_pallidum,Cystobasidiaceae
Symmetrospora_coprosmae,Symmetrosporaceae
Erythrobasidium_yunnanense,Erythrobasidiaceae
Cystobasidiopsis_lactophilus,Chionosphaeraceae
Mixia_osmundae,Mixiaceae
Apophysomyces_elegans,Saksenaeaceae
Apophysomyces_variabilis,Saksenaeaceae
Apophysomyces_trapeziformis,Saksenaeaceae
Saksenaea_oblongispora,Saksenaeaceae
Saksenaea_vasiformis,Saksenaeaceae
Phycomyces_blakesleeanus,Phycomycetaceae
Rhizopus_oryzae,Rhizopodaceae
Rhizopus_delemar,Rhizopodaceae
Rhizopus_stolonifer,Rhizopodaceae
Rhizopus_azygosporus,Rhizopodaceae
Mucor_ambiguus,Mucoraceae
Mucor_velutinosus,Mucoraceae
Mucor_circinelloides,Mucoraceae
Mucor_racemosus,Mucoraceae
Parasitella_parasitica,Mucoraceae
Actinomucor_elegans,Mucoraceae
Mucor_irregularis,Mucoraceae
Mucor_indicus,Mucoraceae
Cokeromyces_recurvatus,Mucoraceae
Choanephora_cucurbitarum,Choanephoraceae
Hesseltinella_vesiculosa,Cunninghamellaceae
Absidia_repens,Cunninghamellaceae
Absidia_glauca,Cunninghamellaceae
Cunninghamella_elegans,Cunninghamellaceae
Cunninghamella_bertholletiae,Cunninghamellaceae
Syncephalastrum_racemosum,Syncephalastraceae
Syncephalastrum_monosporum,Syncephalastraceae
Lichtheimia_corymbifera,Lichtheimiaceae
Lichtheimia_ramosa,Lichtheimiaceae
Rhizomucor_pusillus,Lichtheimiaceae
Rhizomucor_miehei,Lichtheimiaceae
Thermomucor_indicaeseudaticae,Lichtheimiaceae
Umbelopsis_isabellina,Umbelopsidaceae
Bifiguratus_adelaidae,Mucoromycotina
Jimgerdemannia_flammicorona,Endogonaceae
Jimgerdemannia_lactiflua,Endogonaceae
Rhizophagus_irregularis,Glomeraceae
Oehlia_diaphana,Glomeraceae
Rhizophagus_clarus,Glomeraceae
Glomus_cerebriforme,Glomeraceae
Gigaspora_rosea,Gigasporaceae
Diversispora_epigaea,Diversisporaceae
Mortierella_verticillata,Mortierellaceae
Mortierella_alpina,Mortierellaceae
Lobosporangium_transversale,Mortierellaceae
Mortierella_elongata,Mortierellaceae
Basidiobolus_meristosporus,Basidiobolaceae
Basidiobolus_heterosporus,Basidiobolaceae
Smittium_mucronatum,Legeriomycetaceae
Smittium_culicis,Legeriomycetaceae
Furculomyces_boomerangus,Harpellaceae
Smittium_angustum,Legeriomycetaceae
Smittium_simulii,Legeriomycetaceae
Smittium_megazygosporum,Legeriomycetaceae
Capniomyces_stellatus,Legeriomycetaceae
Zancudomyces_culisetae,Legeriomycetaceae
Coemansia_reversa,Kickxellaceae
Linderina_pennispora,Kickxellaceae
Dimargaris_cristalligena,Dimargaritaceae
Conidiobolus_coronatus,Ancylistaceae
Entomophthora_muscae,Entomophthoraceae
Acaulopage_tetraceros,Zoopagaceae
Zoophagus_insidians,Zoopagaceae
Cochlonema_odontosperma,Cochlonemataceae
Piptocephalis_cylindrospora,Piptocephalidaceae
Syncephalis_pseudoplumigaleata,Piptocephalidaceae
Thamnocephalis_sphaerospora,Sigmoideomycetaceae
Encephalitozoon_hellem,Unikaryonidae
Encephalitozoon_romaleae,Unikaryonidae
Encephalitozoon_intestinalis,Unikaryonidae
Encephalitozoon_cuniculi,Unikaryonidae
Ordospora_colligata,Ordosporidae
Nosema_ceranae,Nosematidae
Nosema_apis,Nosematidae
Enterospora_canceri,Enterocytozoonidae
Vittaforma_corneae,Nosematidae
Antonospora_locustae,Microsporidia_incertae_sedis
Tubulinosema_ratisbonensis,Tubulinosematidae
Edhazardia_aedis,Culicosporidae
Spraguea_lophii,Spragueidae
Trachipleistophora_hominis,Pleistophoridae
Vavraia_culicis,Pleistophoridae
Hamiltosporidium_magnivora,Dubosqiidae
Hamiltosporidium_tvaerminnensis,Dubosqiidae
Nematocida_parisii,Microsporidia_incertae_sedis
Nematocida_displodere,Microsporidia_incertae_sedis
Metchnikovella_incurvata,Metchnikovellidae
Paramicrosporidium_saccamoebae,Rozellomycota
Rozella_allomycis,Rozellomycota
Catenaria_anguillulae,Catenariaceae
Allomyces_macrogynus,Blastocladiaceae
Homolaphlyctis_polyrhiza,Rhizophydiales_incertae_sedis
Batrachochytrium_salamandrivorans,Batrachochytriaceae
Batrachochytrium_dendrobatidis,Batrachochytriaceae
Powellomyces_hirtus,Powellomycetaceae
Spizellomyces_punctatus,Spizellomycetaceae
Rhizophlyctis_rosea,Rhizophlyctidaceae
Blyttiomyces_helicus,Chytridiomycetes
Rhizoclosmatium_globosum,Chytriomycetaceae
Chytriomyces_confervae,Chytriomycetaceae
Synchytrium_microbalum,Synchytriaceae
Synchytrium_endobioticum,Synchytriaceae
Caulochytrium_protostelioides,Caulochytriaceae
Piromyces_finnis,Neocallimastigaceae
Neocallimastix_californiae,Neocallimastigaceae
Pecoramyces_ruminatium,Neocallimastigaceae
Anaeromyces_robustus,Neocallimastigaceae
Gonapodya_prolifera,Gonapodyaceae
Saitoella_complicata,Protomycetaceae
Neolecta_irregularis,Neolectaceae
Pneumocystis_murina,Pneumocystaceae
Pneumocystis_carinii,Pneumocystaceae
Pneumocystis_jirovecii,Pneumocystaceae
Schizosaccharomyces_cryophilus,Schizosaccharomycetaceae
Schizosaccharomyces_octosporus,Schizosaccharomycetaceae
Schizosaccharomyces_pombe,Schizosaccharomycetaceae
Schizosaccharomyces_japonicus,Schizosaccharomycetaceae
Taphrina_deformans,Taphrinaceae
Taphrina_wiesneri,Taphrinaceae
Taphrina_flavorubra,Taphrinaceae
Taphrina_populina,Taphrinaceae
Protomyces_lactucaedebilis,Protomycetaceae
Tuber_magnatum,Tuberaceae
Tuber_umbilicatum,Tuberaceae
Tuber_melanosporum,Tuberaceae
Tuber_calosporum,Tuberaceae
Tuber_borchii,Tuberaceae
Morchella_septimelata,Morchellaceae
Morchella_eximia,Morchellaceae
Pyronema_omphalodes,Pyronemataceae
Arthrobotrys_oligospora,Orbiliaceae
Dactylellina_haptotyla,Orbiliaceae
Drechslerella_stenobrocha,Orbiliaceae
Cenococcum_geophilum,Gloniaceae
Glonium_stellatum,Gloniaceae
Lepidopterella_palustris,Argynnaceae
Stagonosporopsis_tanaceti,Didymellaceae
Epicoccum_sorghinum,Didymellaceae
Epicoccum_nigrum,Didymellaceae
Phoma_herbarum,Didymellaceae
Ascochyta_rabiei,Didymellaceae
Bipolaris_victoriae,Pleosporaceae
Bipolaris_zeicola,Pleosporaceae
Bipolaris_oryzae,Pleosporaceae
Bipolaris_sorokiniana,Pleosporaceae
Bipolaris_maydis,Pleosporaceae
Bipolaris_cookei,Pleosporaceae
Curvularia_geniculata,Pleosporaceae
Curvularia_lunata,Pleosporaceae
Curvularia_papendorfii,Pleosporaceae
Exserohilum_turcicum,Pleosporaceae
Stemphylium_lycopersici,Pleosporaceae
Alternaria_solani,Pleosporaceae
Alternaria_arborescens,Pleosporaceae
Alternaria_alternata,Pleosporaceae
Alternaria_brassicicola,Pleosporaceae
Alternaria_consortialis,Pleosporaceae
Pyrenophora_tritici-repentis,Pleosporaceae
Pyrenophora_teres,Pleosporaceae
Pyrenophora_seminiperda,Pleosporaceae
Leptosphaeria_biglobosa,Leptosphaeriaceae
Leptosphaeria_maculans,Leptosphaeriaceae
Pseudopyrenochaeta_lycopersici,Pseudopyrenochaetaceae
Parastagonospora_nodorum,Phaeosphaeriaceae
Paraphaeosphaeria_sporulosa,Didymosphaeriaceae
Periconia_macrospinosa,Periconiaceae
Helminthosporium_solani,Massarinaceae
Corynespora_cassiicola,Corynesporascaceae
Beverwykella_pulmonaria,Pleomassariaceae
Nigrograna_mackinnonii,Nigrogranaceae
Clohesyomyces_aquaticus,Lindgomycetaceae
Rhytidhysteron_rufulum,Hysteriaceae
Hysterium_pulicare,Hysteriaceae
Coniosporium_apollinis,Coniosporiaceae
Diplodia_sapinea,Botryosphaeriaceae
Diplodia_scrobiculata,Botryosphaeriaceae
Diplodia_seriata,Botryosphaeriaceae
Diplodia_corticola,Botryosphaeriaceae
Lasiodiplodia_theobromae,Botryosphaeriaceae
Macrophomina_phaseolina,Botryosphaeriaceae
Botryosphaeria_dothidea,Botryosphaeriaceae
Neoscytalidium_dimidiatum,Botryosphaeriaceae
Neofusicoccum_parvum,Botryosphaeriaceae
Phyllosticta_capitalensis,Phyllostictaceae
Phyllosticta_citricarpa,Phyllostictaceae
Venturia_effusa,Venturiaceae
Venturia_carpophila,Venturiaceae
Venturia_inaequalis,Venturiaceae
Venturia_pyrina,Venturiaceae
Ochroconis_constricta,Sympoventuriaceae
Verruconis_gallopava,Sympoventuriaceae
Cladosporium_sphaerospermum,Cladosporiaceae
Cladosporium_cladosporioides,Cladosporiaceae
Peltaster_fructicola,Dothideomycetes
Mycosphaerella_arachidis,Mycosphaerellaceae
Passalora_fulva,Mycosphaerellaceae
Dothistroma_pini,Mycosphaerellaceae
Dothistroma_septosporum,Mycosphaerellaceae
Exutisphaerella_laricina,Mycosphaerellaceae
Zasmidium_angulare,Mycosphaerellaceae
Zasmidium_citri-griseum,Mycosphaerellaceae
Mycosphaerelloides_madeirae,Mycosphaerellaceae
Microcyclosporella_mali,Mycosphaerellaceae
Lecanosticta_acicola,Mycosphaerellaceae
Pseudocercospora_musae,Mycosphaerellaceae
Mycosphaerella_eumusae,Mycosphaerellaceae
Pseudocercospora_pini-densiflorae,Mycosphaerellaceae
Pseudocercospora_fijiensis,Mycosphaerellaceae
Sphaerulina_populicola,Mycosphaerellaceae
Sphaerulina_musiva,Mycosphaerellaceae
Cercospora_canescens,Mycosphaerellaceae
Cercospora_zeina,Mycosphaerellaceae
Cercospora_nicotianae,Mycosphaerellaceae
Cercospora_beticola,Mycosphaerellaceae
Cercospora_berteroae,Mycosphaerellaceae
Cercospora_sojina,Mycosphaerellaceae
Nothophaeocryptopus_gaeumannii,Mycosphaerellaceae
Zymoseptoria_tritici,Mycosphaerellaceae
Zymoseptoria_brevis,Mycosphaerellaceae
Zymoseptoria_ardabiliae,Mycosphaerellaceae
Zymoseptoria_pseudotritici,Mycosphaerellaceae
Zymoseptoria_passerinii,Mycosphaerellaceae
Ramularia_endophylla,Mycosphaerellaceae
Ramularia_collo-cygni,Mycosphaerellaceae
Ramichloridium_luteum,Dissoconiaceae
Microcyclospora_pomicola,Teratosphaeriaceae
Microcyclospora_tardicrescens,Teratosphaeriaceae
Acidomyces_richmondensis,Teratosphaeriaceae
Baudoinia_panamericana,Teratosphaeriaceae
Leptoxyphium_fumago,Capnodiaceae
Sphaceloma_murrayae,Elsinoaceae
Elsinoe_australis,Elsinoaceae
Aureobasidium_melanogenum,Saccotheciaceae
Aureobasidium_pullulans,Saccotheciaceae
Aureobasidium_namibiae,Saccotheciaceae
Aureobasidium_subglaciale,Saccotheciaceae
Cryomyces_antarcticus,Dothideomycetes
Arthonia_radiata,Arthoniaceae
Symbiotaphrina_buchneri,Symbiotaphrinaceae
Xylona_heveae,Xylonaceae
Cetradonia_linearis,Cetradoniaceae
Cladonia_metacorallifera,Cladoniaceae
Cladonia_macilenta,Cladoniaceae
Cladonia_uncialis,Cladoniaceae
Evernia_prunastri,Parmeliaceae
Pseudevernia_furfuracea,Parmeliaceae
Ramalina_peruviana,Ramalinaceae
Ramalina_intermedia,Ramalinaceae
Gyalolechia_flavorubescens,Teloschistaceae
Umbilicaria_pustulata,Umbilicariaceae
Lasallia_hispanica,Umbilicariaceae
Umbilicaria_muehlenbergii,Umbilicariaceae
Exophiala_dermatitidis,Herpotrichiellaceae
Capronia_coronata,Herpotrichiellaceae
Capronia_epimyces,Herpotrichiellaceae
Exophiala_oligosperma,Herpotrichiellaceae
Exophiala_xenobiotica,Herpotrichiellaceae
Exophiala_spinifera,Herpotrichiellaceae
Exophiala_sideris,Herpotrichiellaceae
Fonsecaea_erecta,Herpotrichiellaceae
Fonsecaea_multimorphosa,Herpotrichiellaceae
Cladophialophora_immunda,Herpotrichiellaceae
Fonsecaea_nubica,Herpotrichiellaceae
Fonsecaea_monophora,Herpotrichiellaceae
Fonsecaea_pedrosoi,Herpotrichiellaceae
Cladophialophora_bantiana,Herpotrichiellaceae
Cladophialophora_psammophila,Herpotrichiellaceae
Phialophora_verrucosa,Herpotrichiellaceae
Phialophora_americana,Herpotrichiellaceae
Cladophialophora_carrionii,Herpotrichiellaceae
Cladophialophora_yegresii,Herpotrichiellaceae
Exophiala_alcalophila,Herpotrichiellaceae
Rhinocladiella_mackenziei,Herpotrichiellaceae
Exophiala_calicioides,Herpotrichiellaceae
Exophiala_mesophila,Herpotrichiellaceae
Exophiala_aquamarina,Herpotrichiellaceae
Cyphellophora_europaea,Cyphellophoraceae
Phialophora_attae,Herpotrichiellaceae
Knufia_petricola,Trichomeriaceae
Endocarpon_pusillum,Verrucariaceae
Phaeomoniella_chlamydospora,Celotheliaceae
Trichophyton_interdigitale,Arthrodermataceae
Trichophyton_mentagrophytes,Arthrodermataceae
Trichophyton_tonsurans,Arthrodermataceae
Trichophyton_equinum,Arthrodermataceae
Trichophyton_violaceum,Arthrodermataceae
Trichophyton_soudanense,Arthrodermataceae
Trichophyton_rubrum,Arthrodermataceae
Trichophyton_verrucosum,Arthrodermataceae
Trichophyton_benhamiae,Arthrodermataceae
Nannizzia_gypsea,Arthrodermataceae
Microsporum_canis,Arthrodermataceae
Onygena_corvina,Onygenaceae
Amauroascus_niger,Onygenaceae
Amauroascus_mutatus,Onygenaceae
Chrysosporium_queenslandicum,Onygenaceae
Byssoonygena_ceratinophila,Onygenaceae
Coccidioides_immitis,Onygenaceae
Coccidioides_posadasii,Onygenaceae
Uncinocarpus_reesii,Onygenaceae
Ophidiomyces_ophiodiicola,Onygenaceae
Malbranchea_cinnamomea,Onygenaceae
Paracoccidioides_lutzii,Ajellomycetaceae
Paracoccidioides_brasiliensis,Ajellomycetaceae
Blastomyces_gilchristii,Ajellomycetaceae
Blastomyces_dermatitidis,Ajellomycetaceae
Blastomyces_percursus,Ajellomycetaceae
Blastomyces_parvus,Ajellomycetaceae
Histoplasma_capsulatum,Ajellomycetaceae
Emergomyces_pasteurianus,Ajellomycetaceae
Emergomyces_orientalis,Ajellomycetaceae
Emmonsia_crescens,Ajellomycetaceae
Helicocarpus_griseus,Ajellomycetaceae
Polytolypa_hystricis,Onygenaceae
Ascosphaera_apis,Ascosphaeraceae
Monascus_ruber,Aspergillaceae
Monascus_purpureus,Aspergillaceae
Xeromyces_bisporus,Aspergillaceae
Aspergillus_rambellii,Aspergillaceae
Aspergillus_ochraceoroseus,Aspergillaceae
Aspergillus_sydowii,Aspergillaceae
Aspergillus_versicolor,Aspergillaceae
Aspergillus_mulundensis,Aspergillaceae
Aspergillus_nidulans,Aspergillaceae
Aspergillus_ustus,Aspergillaceae
Aspergillus_calidoustus,Aspergillaceae
Aspergillus_kawachii,Aspergillaceae
Aspergillus_awamori,Aspergillaceae
Aspergillus_luchuensis,Aspergillaceae
Aspergillus_piperis,Aspergillaceae
Aspergillus_eucalypticola,Aspergillaceae
Aspergillus_tubingensis,Aspergillaceae
Aspergillus_costaricaensis,Aspergillaceae
Aspergillus_neoniger,Aspergillaceae
Aspergillus_vadensis,Aspergillaceae
Aspergillus_niger,Aspergillaceae
Aspergillus_lacticoffeatus,Aspergillaceae
Aspergillus_phoenicis,Aspergillaceae
Aspergillus_welwitschiae,Aspergillaceae
Aspergillus_brasiliensis,Aspergillaceae
Aspergillus_sclerotioniger,Aspergillaceae
Aspergillus_carbonarius,Aspergillaceae
Aspergillus_sclerotiicarbonarius,Aspergillaceae
Aspergillus_ibericus,Aspergillaceae
Aspergillus_heteromorphus,Aspergillaceae
Aspergillus_ellipticus,Aspergillaceae
Aspergillus_indologenus,Aspergillaceae
Aspergillus_japonicus,Aspergillaceae
Aspergillus_violaceofuscus,Aspergillaceae
Aspergillus_uvarum,Aspergillaceae
Aspergillus_aculeatinus,Aspergillaceae
Aspergillus_brunneoviolaceus,Aspergillaceae
Aspergillus_fijiensis,Aspergillaceae
Aspergillus_aculeatus,Aspergillaceae
Aspergillus_saccharolyticus,Aspergillaceae
Aspergillus_homomorphus,Aspergillaceae
Aspergillus_hancockii,Aspergillaceae
Aspergillus_oryzae,Aspergillaceae
Aspergillus_parasiticus,Aspergillaceae
Aspergillus_sojae,Aspergillaceae
Aspergillus_arachidicola,Aspergillaceae
Aspergillus_flavus,Aspergillaceae
Aspergillus_bombycis,Aspergillaceae
Aspergillus_nomius,Aspergillaceae
Aspergillus_tanneri,Aspergillaceae
Aspergillus_sclerotiorum,Aspergillaceae
Aspergillus_persii,Aspergillaceae
Aspergillus_steynii,Aspergillaceae
Aspergillus_westerdijkiae,Aspergillaceae
Aspergillus_campestris,Aspergillaceae
Aspergillus_candidus,Aspergillaceae
Aspergillus_taichungensis,Aspergillaceae
Aspergillus_terreus,Aspergillaceae
Aspergillus_pseudoterreus,Aspergillaceae
Aspergillus_lentulus,Aspergillaceae
Aspergillus_novofumigatus,Aspergillaceae
Aspergillus_neoellipticus,Aspergillaceae
Aspergillus_fumigatus,Aspergillaceae
Aspergillus_fischeri,Aspergillaceae
Aspergillus_udagawae,Aspergillaceae
Aspergillus_turcosus,Aspergillaceae
Aspergillus_clavatus,Aspergillaceae
Aspergillus_cristatus,Aspergillaceae
Aspergillus_chevalieri,Aspergillaceae
Aspergillus_glaucus,Aspergillaceae
Aspergillus_ruber,Aspergillaceae
Aspergillus_wentii,Aspergillaceae
Penicillium_chrysogenum,Aspergillaceae
Penicillium_rubens,Aspergillaceae
Penicillium_flavigenum,Aspergillaceae
Penicillium_nalgiovense,Aspergillaceae
Penicillium_carneum,Aspergillaceae
Penicillium_roqueforti,Aspergillaceae
Penicillium_paneum,Aspergillaceae
Penicillium_verrucosum,Aspergillaceae
Penicillium_nordicum,Aspergillaceae
Penicillium_polonicum,Aspergillaceae
Penicillium_freii,Aspergillaceae
Penicillium_camemberti,Aspergillaceae
Penicillium_biforme,Aspergillaceae
Penicillium_fuscoglaucum,Aspergillaceae
Penicillium_solitum,Aspergillaceae
Penicillium_italicum,Aspergillaceae
Penicillium_digitatum,Aspergillaceae
Penicillium_vulpinum,Aspergillaceae
Penicillium_griseofulvum,Aspergillaceae
Penicillium_coprophilum,Aspergillaceae
Penicillium_antarcticum,Aspergillaceae
Penicillium_capsulatum,Aspergillaceae
Penicillium_arizonense,Aspergillaceae
Penicillium_sclerotiorum,Aspergillaceae
Penicillium_oxalicum,Aspergillaceae
Penicillium_expansum,Aspergillaceae
Penicillium_brasilianum,Aspergillaceae
Talaromyces_purpureogenus,Trichocomaceae
Penicillium_subrubescens,Aspergillaceae
Penicillium_janthinellum,Aspergillaceae
Penicillium_decumbens,Aspergillaceae
Penicillium_paxilli,Aspergillaceae
Penicillium_steckii,Aspergillaceae
Penicillium_citrinum,Aspergillaceae
Penicilliopsis_zonata,Aspergillaceae
Talaromyces_leycettanus,Trichocomaceae
Byssochlamys_nivea,Thermoascaceae
Byssochlamys_spectabilis,Thermoascaceae
Thermoascus_crustaceus,Thermoascaceae
Elaphomyces_granulatus,Elaphomycetaceae
Rasamsonia_emersonii,Trichocomaceae
Thermomyces_lanuginosus,Trichocomaceae
Talaromyces_piceae,Trichocomaceae
Talaromyces_wortmannii,Trichocomaceae
Talaromyces_islandicus,Trichocomaceae
Talaromyces_atroroseus,Trichocomaceae
Talaromyces_borbonicus,Trichocomaceae
Talaromyces_stipitatus,Trichocomaceae
Talaromyces_marneffei,Trichocomaceae
Talaromyces_amestolkiae,Trichocomaceae
Penicillium_occitanis,Aspergillaceae
Talaromyces_pinophilus,Trichocomaceae
Talaromyces_cellulolyticus,Trichocomaceae
Talaromyces_verruculosus,Trichocomaceae